{"cameraMode":{"drawMode":0,"name":"Shaded","section":"Shading Mode"},"sceneLighting":true,"audioPlay":false,"sceneViewState":{"m_AlwaysRefresh":false,"showFog":true,"showSkybox":true,"showFlares":true,"showImageEffects":true,"showParticleSystems":true,"showVisualEffectGraphs":true,"m_FxEnabled":true},"in2DMode":false,"pivot":{"x":395.10882568359377,"y":156.51272583007813,"z":1218.2532958984375},"rotation":{"x":-0.2966485023498535,"y":-0.012894765473902226,"z":0.004005786497145891,"w":-0.9548912644386292},"size":1575.3192138671875,"orthographic":false}